"customer_name","customer_id","last_rental"
"Wanda Patterson",87,"2006-02-14 15:16:03"
"Vivian Ruiz",184,"2005-08-23 06:56:18"
"Dan Paine",477,"2005-08-23 18:23:30"
"Priscilla Lowe",273,"2005-08-23 12:50:00"
"Guy Brownlee",550,"2006-02-14 15:16:03"
"Chris Brothers",394,"2006-02-14 15:16:03"
"Alice Stewart",51,"2005-08-22 04:31:50"
"Kay Caldwell",272,"2005-08-20 16:07:55"
"Christina Ramirez",70,"2005-08-23 07:06:38"
"Yolanda Weaver",190,"2006-02-14 15:16:03"
"Juan Fraley",350,"2005-08-23 14:35:10"
"Mathew Bolin",539,"2005-08-22 21:24:19"
"Dwayne Olvera",554,"2005-08-23 09:53:30"
"Billie Horton",278,"2005-08-23 21:30:45"
"Nathan Runyon",406,"2005-08-21 17:45:52"
"Kyle Spurlock",424,"2006-02-14 15:16:03"
"June Carroll",176,"2005-08-23 18:36:44"
"Morris Mccarter",576,"2006-02-14 15:16:03"
"Christopher Greco",309,"2005-08-22 23:58:09"
"Misty Lambert",292,"2005-08-22 12:38:20"
"Raul Fortier",509,"2005-08-23 19:46:39"
"Penny Neal",271,"2005-08-22 17:48:42"
"Laura Rodriguez",22,"2006-02-14 15:16:03"
"Bertha Ferguson",156,"2005-08-22 23:26:32"
"Travis Estep",417,"2006-02-14 15:16:03"
"Armando Gruber",556,"2005-08-23 05:24:09"
"Pedro Chestnut",475,"2005-08-22 19:23:58"
"Erik Guillen",529,"2005-08-22 19:46:05"
"Jenny Castro",282,"2006-02-14 15:16:03"
"Audrey Ray",173,"2005-08-23 21:10:24"
"Shawn Heaton",390,"2005-08-22 22:21:35"
"Cassandra Walters",269,"2006-02-14 15:16:03"
"Deanna Byrd",261,"2005-08-22 23:08:46"
"Brett Cornwell",502,"2005-08-23 22:06:34"
"Carolyn Perez",42,"2006-02-14 15:16:03"
"Loretta Carpenter",189,"2005-08-23 21:04:51"
"Edith Mcdonald",117,"2005-08-23 00:26:52"
"Geraldine Perkins",161,"2005-08-22 23:55:51"
"Cindy Fisher",113,"2005-08-23 13:18:16"
"Ethel Webb",125,"2005-08-22 10:14:39"
"Marsha Douglas",257,"2005-08-23 19:51:29"
"Amanda Carter",40,"2005-08-22 16:06:49"
"Christine Roberts",43,"2006-02-14 15:16:03"
"Sergio Stanfield",587,"2006-02-14 15:16:03"
"Sylvia Ortiz",120,"2006-02-14 15:16:03"
"Willard Lumpkin",578,"2005-08-23 08:34:10"
"Bernard Colby",440,"2006-02-14 15:16:03"
"Joe Gilliland",349,"2006-02-14 15:16:03"
"Brittany Riley",187,"2005-08-23 19:59:33"
"Evelyn Morgan",57,"2005-08-23 16:24:24"
"Ruth Martinez",19,"2005-08-23 03:46:47"
"Erin Dunn",160,"2005-08-23 21:49:33"
"Leslie Seward",506,"2005-08-23 10:02:46"
"Milton Howland",508,"2006-02-14 15:16:03"
"Keith Rico",357,"2005-08-23 16:22:20"
"Glenda Frazier",242,"2005-08-22 08:06:00"
"Eric Robert",331,"2005-08-23 03:30:51"
"Austin Cintron",599,"2005-08-23 11:25:00"
"Nora Herrera",266,"2005-08-22 21:06:00"
"Kenneth Gooden",315,"2006-02-14 15:16:03"
"Brandon Huey",366,"2006-02-14 15:16:03"
"Joseph Joy",307,"2005-08-23 03:03:53"
"Lois Butler",91,"2006-02-14 15:16:03"
"Teresa Rogers",54,"2005-08-23 05:20:36"
"Angela Hernandez",29,"2006-02-14 15:16:03"
"Richard Mccrary",305,"2005-08-23 06:59:07"
"Barbara Jones",4,"2005-08-23 07:43:00"
"Ana Bradley",181,"2006-02-14 15:16:03"
"Diana Alexander",96,"2005-08-23 20:24:36"
"Leo Ebert",466,"2005-08-23 21:00:22"
"Vicki Fields",201,"2005-08-23 20:06:04"
"Dorothy Taylor",10,"2005-08-22 21:59:29"
"Virginia Green",35,"2005-08-21 22:25:09"
"Florence Woods",107,"2006-02-14 15:16:03"
"Jennifer Davis",6,"2005-08-23 06:41:32"
"Theodore Culp",446,"2005-08-23 19:10:32"
"Charlene Alvarez",220,"2005-08-23 10:32:52"
"Jacqueline Long",86,"2005-08-23 18:45:06"
"Bryan Hardison",400,"2005-08-23 20:23:08"
"Willie Howell",219,"2006-02-14 15:16:03"
"Annette Olson",175,"2006-02-14 15:16:03"
"Heidi Larson",241,"2005-08-23 13:14:15"
"Roy Whiting",363,"2005-08-22 20:44:55"
"Enrique Forsythe",596,"2006-02-14 15:16:03"
"Miriam Mckinney",285,"2005-08-23 02:06:41"
"Diane Collins",50,"2005-08-23 21:25:03"
"Janice Ward",66,"2005-08-23 06:23:26"
"Georgia Jacobs",231,"2005-08-22 22:51:13"
"Patrick Newsom",340,"2005-08-22 22:25:17"
"Cecil Vines",512,"2006-02-14 15:16:03"
"Gerald Fultz",356,"2005-08-23 12:47:16"
"Harvey Guajardo",523,"2005-08-22 09:41:09"
"Karen Jackson",13,"2005-08-22 20:51:24"
"Clarence Gamez",391,"2005-08-21 09:55:47"
"Hector Poindexter",487,"2005-08-23 08:59:12"
"Lloyd Dowd",458,"2005-08-23 06:44:19"
"Vincent Ralston",414,"2005-08-23 01:59:14"
"Patricia Johnson",2,"2005-08-23 17:39:35"
"Harry Arce",368,"2005-08-23 00:31:09"
"Tammy Sanders",75,"2006-02-14 15:16:03"
"Marian Mendoza",246,"2005-08-23 12:26:19"
"Marjorie Tucker",128,"2005-08-23 15:25:27"
"Lynn Payne",166,"2005-08-23 14:31:50"
"Ted Breaux",538,"2005-08-22 21:01:25"
"Henry Billingsley",344,"2005-08-22 16:55:26"
"Terrence Gunderson",595,"2005-08-23 21:26:35"
"April Burns",142,"2006-02-14 15:16:03"
"Curtis Irby",410,"2006-02-14 15:16:03"
"Alicia Mills",152,"2006-02-14 15:16:03"
"Christian Jung",534,"2006-02-14 15:16:03"
"Herbert Kruger",428,"2005-08-17 00:40:03"
"Terry Grissom",355,"2006-02-14 15:16:03"
"Delores Hansen",222,"2005-08-21 08:58:38"
"Bobby Boudreau",381,"2005-08-23 12:29:24"
"Martha Gonzalez",38,"2005-08-23 11:55:50"
"Willie Markham",359,"2006-02-14 15:16:03"
"Freddie Duggan",597,"2006-02-14 15:16:03"
"Katie Elliott",193,"2006-02-14 15:16:03"
"Joann Gardner",164,"2005-08-20 00:30:51"
"Allan Cornish",548,"2006-02-14 15:16:03"
"Calvin Martel",453,"2005-08-23 07:25:38"
"Agnes Bishop",217,"2005-08-22 19:02:48"
"Holly Fox",186,"2006-02-14 15:16:03"
"Frances Parker",47,"2005-08-23 15:39:18"
"Ruben Geary",501,"2005-08-23 10:20:35"
"Samantha Duncan",177,"2005-08-22 03:55:02"
"Julio Noland",545,"2005-08-23 20:41:09"
"Renee Lane",182,"2005-08-22 09:49:32"
"Carol Garcia",18,"2005-08-20 01:29:29"
"Claude Herzog",528,"2005-08-23 16:43:54"
"Tiffany Jordan",110,"2005-08-22 22:28:36"
"Lucille Holmes",145,"2005-08-21 10:15:20"
"Shirley Allen",27,"2005-08-22 10:00:04"
"Ken Prewitt",563,"2005-08-23 15:45:42"
"Felix Gaffney",557,"2006-02-14 15:16:03"
"Leslie Gordon",143,"2005-08-23 21:54:02"
"Tyler Wren",496,"2006-02-14 15:16:03"
"Jean Bell",58,"2006-02-14 15:16:03"
"Allison Stanley",228,"2006-02-14 15:16:03"
"Clyde Tobias",485,"2005-08-19 09:36:28"
"Shelly Watts",294,"2005-08-23 15:34:46"
"Tamara Nguyen",229,"2006-02-14 15:16:03"
"Herman Devore",481,"2005-08-21 17:15:33"
"Everett Banda",559,"2005-08-23 16:33:33"
"David Royal",304,"2005-08-22 06:05:38"
"Julie Sanchez",52,"2006-02-14 15:16:03"
"Victor Barkley",382,"2005-08-23 18:44:21"
"Barry Lovelace",438,"2006-02-14 15:16:03"
"Myrtle Fleming",258,"2005-08-22 04:31:37"
"Peter Menard",341,"2005-08-23 18:43:31"
"Eugene Culpepper",378,"2005-08-22 06:52:49"
"Vernon Chapa",483,"2005-08-19 03:10:21"
"Jay Robb",450,"2006-02-14 15:16:03"
"Leonard Schofield",405,"2006-02-14 15:16:03"
"Sara Perry",84,"2005-08-22 18:16:50"
"Beatrice Arnold",170,"2005-08-23 04:27:06"
"Laurie Lawrence",192,"2006-02-14 15:16:03"
"Brandy Graves",276,"2005-08-23 18:08:19"
"Duane Tubbs",513,"2005-08-23 04:20:16"
"Peggy Myers",101,"2006-02-14 15:16:03"
"Jorge Olivares",473,"2005-08-23 21:46:47"
"Judy Gray",69,"2006-02-14 15:16:03"
"Carlos Coughlin",379,"2005-08-23 18:26:51"
"Anthony Schwab",320,"2005-08-22 19:44:53"
"Wendy Harrison",115,"2006-02-14 15:16:03"
"Aaron Selby",375,"2005-08-23 02:46:13"
"Annie Russell",97,"2005-08-22 08:20:15"
"Glenn Pullen",415,"2005-08-23 19:27:04"
"Tracy Cole",108,"2006-02-14 15:16:03"
"Manuel Murrell",408,"2005-08-23 13:06:19"
"Cheryl Murphy",59,"2005-08-23 17:33:04"
"Tracy Herrmann",589,"2005-08-23 20:28:32"
"Elaine Stevens",127,"2005-08-23 11:40:30"
"Dwight Lombardi",555,"2005-08-22 11:58:58"
"Arnold Havens",522,"2005-08-23 18:06:54"
"Alfredo Mcadams",567,"2005-08-23 06:18:43"
"Frank Waggoner",329,"2005-08-22 19:54:31"
"Lisa Anderson",11,"2006-02-14 15:16:03"
"Marie Turner",44,"2006-02-14 15:16:03"
"Isaac Oglesby",575,"2005-08-23 15:59:51"
"Tony Carranza",401,"2005-08-23 18:23:11"
"Suzanne Nichols",153,"2005-08-23 06:15:09"
"Dianne Shelton",279,"2006-02-14 15:16:03"
"Edgar Rhoads",507,"2005-08-22 23:04:21"
"Kristin Johnston",214,"2006-02-14 15:16:03"
"Margaret Moore",9,"2006-02-14 15:16:03"
"Chad Carbone",419,"2005-08-23 13:33:46"
"Lance Pemberton",543,"2005-08-23 13:46:27"
"Jaime Nettles",565,"2005-08-23 16:50:43"
"Casey Mena",566,"2005-08-21 07:13:46"
"Clayton Barbee",551,"2005-08-22 22:57:25"
"Neil Renner",532,"2006-02-14 15:16:03"
"Bill Gavin",457,"2006-02-14 15:16:03"
"Anne Powell",85,"2005-08-20 10:25:12"
"Terrance Roush",592,"2006-02-14 15:16:03"
"Leona Obrien",281,"2005-08-21 03:40:40"
"Paula Bryant",95,"2005-08-21 03:51:52"
"Max Pitt",553,"2005-08-23 02:48:24"
"Lena Jensen",259,"2005-08-23 09:52:55"
"Ron Deluca",519,"2005-08-22 21:12:19"
"Bernice Willis",172,"2005-08-23 22:14:31"
"Michael Silverman",302,"2005-08-23 20:22:17"
"Rodney Moeller",409,"2005-08-21 20:49:21"
"Melissa King",30,"2005-08-23 15:17:14"
"Michelle Clark",21,"2006-02-14 15:16:03"
"Bobbie Craig",288,"2005-08-22 12:41:33"
"Roland South",521,"2006-02-14 15:16:03"
"Linda Williams",3,"2005-08-23 07:10:14"
"Gary Coy",324,"2006-02-14 15:16:03"
"Antonio Meek",398,"2005-08-22 15:56:42"
"Dora Medina",249,"2005-08-22 14:33:50"
"Irma Pearson",255,"2005-08-21 17:45:21"
"Craig Morrell",388,"2006-02-14 15:16:03"
"Lorraine Stephens",165,"2005-08-23 15:23:50"
"Gloria Cook",56,"2006-02-14 15:16:03"
"Megan Palmer",151,"2005-08-23 20:31:38"
"Tonya Chapman",209,"2005-08-23 02:51:27"
"Ramona Hale",296,"2006-02-14 15:16:03"
"Denise Kelly",74,"2005-08-23 22:26:47"
"Rebecca Scott",34,"2005-08-21 20:54:32"
"Hazel Warren",138,"2005-08-23 02:39:56"
"Jeff East",418,"2005-08-23 19:21:22"
"Eileen Carr",205,"2005-08-22 23:54:14"
"Courtney Day",245,"2006-02-14 15:16:03"
"Kelly Torres",67,"2005-08-22 11:19:22"
"Dale Ratcliff",407,"2005-08-22 20:44:35"
"Ruby Washington",90,"2005-08-23 09:16:39"
"Timothy Bunn",325,"2005-08-22 08:27:27"
"Francisco Skidmore",443,"2005-08-23 03:23:32"
"Jesse Schilling",387,"2005-08-22 07:16:36"
"Roberto Vu",484,"2005-08-23 21:49:22"
"Raymond Mcwhorter",334,"2006-02-14 15:16:03"
"Jimmie Eggleston",558,"2005-08-21 06:53:53"
"Clara Shaw",144,"2005-08-23 12:43:30"
"Tyrone Asher",540,"2005-08-23 19:13:46"
"Debra Nelson",39,"2005-08-22 12:51:38"
"Regina Berry",168,"2006-02-14 15:16:03"
"Wade Delvalle",598,"2005-08-23 00:44:15"
"Dean Sauer",471,"2005-08-23 08:34:53"
"Karl Seal",526,"2005-08-23 22:21:03"
"Philip Causey",393,"2005-08-23 22:50:12"
"Becky Miles",287,"2006-02-14 15:16:03"
"Jared Ely",524,"2005-08-22 16:33:39"
"Jerome Kenyon",464,"2005-08-23 20:13:38"
"Sally Pierce",167,"2005-08-23 17:52:01"
"Mark Rinehart",312,"2005-08-23 16:44:31"
"Gene Sanborn",498,"2005-08-19 03:46:43"
"Olga Jimenez",277,"2005-08-22 21:05:50"
"Kristina Chambers",290,"2005-08-20 08:57:51"
"Ramon Choate",494,"2005-08-22 19:28:04"
"Wesley Bull",469,"2005-08-23 15:46:33"
"John Farnsworth",300,"2006-02-14 15:16:03"
"Kim Cruz",118,"2005-08-23 11:33:25"
"Sonia Gregory",284,"2006-02-14 15:16:03"
"Edward Baugh",317,"2006-02-14 15:16:03"
"Harold Martino",342,"2005-08-23 17:09:31"
"Shane Millard",488,"2005-08-23 02:37:19"
"Ellen Simpson",126,"2005-08-23 21:02:43"
"Kristen Chavez",194,"2005-08-23 18:43:22"
"Ralph Madrigal",360,"2005-08-22 19:56:41"
"Darrell Power",463,"2005-08-22 14:23:11"
"Emily Diaz",99,"2006-02-14 15:16:03"
"Derrick Bourque",476,"2006-02-14 15:16:03"
"Adam Gooch",367,"2005-08-21 13:41:14"
"Jeremy Hurtado",374,"2006-02-14 15:16:03"
"Marion Ocampo",588,"2005-08-22 16:37:32"
"Stephanie Mitchell",41,"2006-02-14 15:16:03"
"Terri Vasquez",206,"2005-08-23 10:36:00"
"Catherine Campbell",46,"2005-08-23 12:47:26"
"Alexander Fennell",439,"2005-08-23 21:27:35"
"Pearl Garza",224,"2005-08-23 19:11:29"
"Kirk Stclair",586,"2005-08-23 09:40:04"
"Sidney Burleson",572,"2005-08-20 08:59:38"
"Amy Lopez",32,"2005-08-21 16:32:32"
"Heather Morris",53,"2006-02-14 15:16:03"
"Joshua Mark",336,"2006-02-14 15:16:03"
"Brian Wyman",318,"2005-08-21 06:34:05"
"Carole Barnett",275,"2005-08-23 02:30:23"
"Stella Moreno",247,"2005-08-23 13:45:44"
"Christy Vargas",260,"2005-08-21 17:59:09"
"Alfred Casillas",423,"2005-08-23 12:46:38"
"Anita Morales",136,"2005-08-23 00:34:28"
"Amber Dixon",139,"2005-08-23 12:12:05"
"Leroy Bustamante",442,"2005-08-22 16:35:25"
"Justin Ngo",354,"2006-02-14 15:16:03"
"Nancy Thomas",12,"2005-08-23 20:28:44"
"Rene Mcalister",593,"2005-08-21 19:35:59"
"Zachary Hite",479,"2006-02-14 15:16:03"
"Mae Fletcher",293,"2005-08-23 09:18:52"
"Norman Currier",411,"2006-02-14 15:16:03"
"Francis Sikes",425,"2005-08-23 22:12:44"
"Charlie Bess",495,"2006-02-14 15:16:03"
"Michele Grant",154,"2005-08-23 11:16:16"
"Claudia Fuller",234,"2006-02-14 15:16:03"
"Steven Curley",316,"2005-08-23 15:34:49"
"Dustin Gillette",474,"2006-02-14 15:16:03"
"Mike Way",403,"2005-08-22 23:27:43"
"Mabel Holland",256,"2005-08-23 16:18:12"
"Stephen Qualls",332,"2005-08-22 16:37:36"
"Anna Hill",33,"2006-02-14 15:16:03"
"Melvin Ellington",422,"2006-02-14 15:16:03"
"Nelson Christenson",549,"2005-08-21 11:40:46"
"Gwendolyn May",264,"2006-02-14 15:16:03"
"Roberta Harper",185,"2005-08-21 14:51:35"
"Russell Brinson",380,"2005-08-23 12:33:00"
"Jessie Banks",215,"2006-02-14 15:16:03"
"Charlotte Hunter",130,"2005-08-23 13:29:08"
"Leah Curtis",270,"2005-08-23 07:10:22"
"Sarah Lewis",23,"2006-02-14 15:16:03"
"Glen Talbert",486,"2005-08-21 06:44:37"
"Ricky Shelby",435,"2005-08-22 13:19:25"
"Ernest Stepp",384,"2005-08-22 20:20:04"
"Jack Foust",351,"2005-08-23 13:01:43"
"Victoria Gibson",116,"2005-08-22 04:44:09"
"Hugh Waldrop",552,"2005-08-23 10:21:21"
"George Linton",314,"2005-08-23 21:37:59"
"Todd Tan",386,"2005-08-23 19:06:04"
"Joel Francisco",431,"2006-02-14 15:16:03"
"Bradley Motley",426,"2005-08-22 01:32:14"
"Benjamin Varney",364,"2005-08-22 17:48:10"
"Don Bone",433,"2005-08-23 02:40:04"
"Rick Mattox",491,"2005-08-23 09:41:28"
"Warren Sherrod",462,"2005-08-23 21:17:17"
"Erica Matthews",169,"2005-08-23 09:33:22"
"James Gannon",299,"2005-08-22 04:26:34"
"Tina Simmons",92,"2005-08-22 07:53:14"
"Carl Artis",345,"2005-08-23 04:28:25"
"Darren Windham",541,"2005-08-23 18:08:59"
"Troy Quigley",436,"2005-08-23 13:10:16"
"Stacy Cunningham",180,"2006-02-14 15:16:03"
"Randall Neumann",437,"2005-08-22 07:52:18"
"Marcia Dean",236,"2006-02-14 15:16:03"
"Hilda Hopkins",263,"2006-02-14 15:16:03"
"Sue Peters",197,"2005-08-23 04:12:52"
"Juanita Mason",135,"2006-02-14 15:16:03"
"Brent Harkins",493,"2006-02-14 15:16:03"
"Alex Gresham",454,"2005-08-23 06:55:26"
"Gordon Allard",470,"2005-08-21 10:45:01"
"Maurice Crawley",482,"2005-08-23 16:42:53"
"Colleen Burton",227,"2006-02-14 15:16:03"
"Reginald Kinder",500,"2005-08-23 15:54:20"
"Lewis Lyman",478,"2005-08-23 11:22:09"
"Valerie Black",149,"2005-08-23 05:04:33"
"Clifton Malcolm",577,"2005-08-23 20:47:28"
"Paul Trout",311,"2005-08-23 21:34:33"
"Beverly Brooks",73,"2006-02-14 15:16:03"
"Gladys Hamilton",103,"2005-08-23 22:43:07"
"Rafael Abney",505,"2006-02-14 15:16:03"
"Tracey Barrett",280,"2005-08-23 19:09:39"
"Josephine Gomez",121,"2005-08-23 22:20:26"
"Minnie Romero",239,"2005-08-20 22:34:34"
"Bonnie Hughes",88,"2005-08-23 17:13:01"
"Jacob Lance",420,"2005-08-23 06:21:20"
"Melanie Armstrong",188,"2006-02-14 15:16:03"
"Derek Blakely",461,"2005-08-23 07:03:19"
"Ian Still",561,"2006-02-14 15:16:03"
"Marlene Welch",240,"2005-08-23 08:06:49"
"Jeffrey Spear",328,"2005-08-23 16:17:09"
"Adrian Clary",525,"2006-02-14 15:16:03"
"Alma Austin",196,"2005-08-23 20:10:13"
"Toni Holt",291,"2005-08-23 08:54:26"
"Helen Harris",15,"2006-02-14 15:16:03"
"Maureen Little",226,"2005-08-23 22:06:15"
"Ella Oliver",210,"2005-08-23 18:48:40"
"Ann Evans",48,"2005-08-22 17:27:23"
"Clifford Bowens",447,"2005-08-23 21:59:57"
"Erika Pena",298,"2005-08-23 08:13:26"
"Katherine Rivera",61,"2005-08-23 09:35:34"
"Andrea Henderson",81,"2005-08-23 16:45:28"
"Viola Hanson",244,"2006-02-14 15:16:03"
"Tim Cary",468,"2005-08-23 22:24:39"
"Vickie Brewer",251,"2006-02-14 15:16:03"
"Rosemary Schmidt",204,"2005-08-22 23:48:56"
"Elizabeth Brown",5,"2006-02-14 15:16:03"
"Rita Graham",104,"2005-08-22 15:52:57"
"Dolores Wagner",171,"2005-08-23 14:43:15"
"Ronnie Ricketts",456,"2005-08-23 17:43:16"
"Jimmy Schrader",397,"2005-08-22 11:17:37"
"Jamie Waugh",531,"2005-08-22 21:36:51"
"Jesus Mccartney",427,"2005-08-22 20:35:30"
"Felicia Sutton",283,"2005-08-23 15:29:41"
"Ryan Salisbury",347,"2005-08-23 04:51:52"
"Dana Hart",179,"2005-08-23 20:20:23"
"Kelly Knott",546,"2005-08-23 05:13:09"
"Wallace Slone",562,"2005-08-23 17:16:30"
"Sherri Rhodes",297,"2005-08-23 10:43:00"
"Lawrence Lawton",361,"2006-02-14 15:16:03"
"Kevin Schuler",321,"2005-08-23 16:56:14"
"William Satterfield",303,"2005-08-23 02:55:42"
"Dawn Sullivan",105,"2005-08-23 14:27:07"
"Luis Yanez",402,"2005-08-23 00:11:52"
"Greg Robins",472,"2006-02-14 15:16:03"
"Marcus Hidalgo",444,"2005-08-23 14:55:47"
"Lillie Kim",233,"2005-08-23 15:03:58"
"Clinton Buford",537,"2006-02-14 15:16:03"
"Micheal Forman",445,"2005-08-23 17:36:00"
"Julia Flores",89,"2005-08-23 15:38:34"
"Phyllis Foster",93,"2005-08-23 17:48:30"
"Louis Leone",373,"2006-02-14 15:16:03"
"Mattie Hoffman",252,"2006-02-14 15:16:03"
"Brenda Wright",31,"2005-08-23 14:58:06"
"Douglas Graf",343,"2005-08-23 20:04:41"
"Alvin Deloach",467,"2005-08-23 15:19:15"
"Larry Thrasher",327,"2006-02-14 15:16:03"
"Terry Carlson",253,"2005-08-22 17:12:29"
"Virgil Wofford",581,"2005-08-23 14:05:37"
"Betty White",14,"2006-02-14 15:16:03"
"Gilbert Sledge",497,"2006-02-14 15:16:03"
"Edna West",109,"2005-08-23 09:23:36"
"Gail Knight",155,"2006-02-14 15:16:03"
"Pauline Henry",133,"2005-08-23 21:07:59"
"Jeffery Pinson",416,"2005-08-23 12:55:51"
"Vanessa Sims",195,"2005-08-23 22:19:33"
"Beth Franklin",199,"2006-02-14 15:16:03"
"Steve Mackenzie",372,"2005-08-23 05:08:58"
"Fred Wheat",369,"2006-02-14 15:16:03"
"Mario Cheatham",441,"2006-02-14 15:16:03"
"Walter Perryman",339,"2005-08-21 23:24:52"
"Lydia Burke",243,"2005-08-21 21:02:55"
"Gregory Mauldin",335,"2006-02-14 15:16:03"
"Kent Arsenault",591,"2005-08-20 15:05:42"
"Martin Bales",383,"2005-08-23 16:44:25"
"Joy George",230,"2005-08-21 08:38:21"
"Maria Miller",7,"2005-08-21 04:49:48"
"Robert Baughman",301,"2005-08-22 18:39:11"
"Maxine Silva",254,"2005-08-23 13:25:08"
"Angel Barclay",503,"2005-08-23 14:13:47"
"Howard Fortner",377,"2005-08-23 20:44:10"
"Lori Wood",78,"2005-08-23 22:18:51"
"Byron Box",573,"2005-08-19 11:27:20"
"Jill Hawkins",159,"2005-08-22 16:14:25"
"Edwin Burk",432,"2005-08-23 10:56:15"
"Jo Fowler",250,"2005-08-22 17:52:05"
"Sharon Robinson",20,"2005-08-23 01:10:42"
"Ronald Weiner",319,"2005-08-22 23:07:57"
"Mary Smith",1,"2005-08-22 20:03:46"
"Irene Price",76,"2005-08-23 05:17:23"
"Brad Mccurdy",517,"2005-08-23 04:55:05"
"Connie Wallace",106,"2005-08-22 14:27:37"
"Marion Snyder",178,"2006-02-14 15:16:03"
"Carrie Porter",129,"2005-08-22 06:46:59"
"Tara Ryan",203,"2005-08-23 20:27:34"
"Perry Swafford",585,"2006-02-14 15:16:03"
"Susan Wilson",8,"2005-08-23 14:31:19"
"Jon Wiles",455,"2005-08-23 02:25:09"
"Arthur Simpkins",346,"2005-08-23 15:15:19"
"Wayne Truong",370,"2005-08-23 20:13:31"
"Kathy James",71,"2005-08-23 20:44:36"
"Nicole Peterson",68,"2005-08-23 03:36:26"
"Margie Wade",267,"2006-02-14 15:16:03"
"Miguel Betancourt",448,"2006-02-14 15:16:03"
"Marilyn Ross",80,"2006-02-14 15:16:03"
"Jamie Rice",146,"2005-08-23 15:36:05"
"Earl Shanks",396,"2005-08-22 16:15:33"
"Lauren Hudson",162,"2006-02-14 15:16:03"
"Chester Benner",511,"2005-08-22 15:25:33"
"Esther Crawford",132,"2005-08-23 16:30:55"
"Franklin Troutman",514,"2005-08-23 13:26:01"
"Jason Morrissey",322,"2005-08-23 10:23:48"
"Andy Vanhorn",582,"2006-02-14 15:16:03"
"Alan Kahn",389,"2005-08-23 21:11:33"
"Scott Shelley",330,"2006-02-14 15:16:03"
"Tanya Gilbert",237,"2005-08-23 18:28:09"
"Patsy Davidson",262,"2005-08-23 17:57:35"
"Jim Rea",451,"2005-08-23 08:31:49"
"Matthew Mahan",323,"2005-08-23 11:30:32"
"Jerry Jordon",337,"2006-02-14 15:16:03"
"Roger Quintanilla",348,"2005-08-23 18:50:54"
"Grace Ellis",114,"2006-02-14 15:16:03"
"Mildred Bailey",60,"2006-02-14 15:16:03"
"Nathaniel Adam",504,"2005-08-23 21:44:27"
"Nellie Garrett",238,"2005-08-23 01:05:00"
"Danny Isom",399,"2005-08-23 01:25:30"
"Rosa Reynolds",112,"2005-08-23 12:47:05"
"Jordan Archuleta",560,"2006-02-14 15:16:03"
"Kurt Emmons",547,"2005-08-22 03:57:08"
"Violet Rodriquez",289,"2005-08-22 05:03:59"
"Nina Soto",268,"2005-08-22 15:49:54"
"Gabriel Harder",518,"2005-08-23 00:28:16"
"Marshall Thorn",583,"2005-08-21 06:00:22"
"Rose Howard",65,"2005-08-21 09:08:51"
"Dave Gardiner",569,"2005-08-23 21:48:54"
"Sheila Wells",124,"2005-08-23 21:45:02"
"Tom Milner",452,"2006-02-14 15:16:03"
"Lillian Griffin",98,"2005-08-23 03:58:28"
"Jeanne Lawson",200,"2006-02-14 15:16:03"
"Cory Meehan",527,"2006-02-14 15:16:03"
"Sam Mcduffie",490,"2005-08-23 00:55:24"
"Jackie Lynch",235,"2005-08-22 09:33:08"
"Seth Hannon",590,"2006-02-14 15:16:03"
"Kathryn Coleman",82,"2005-08-23 03:12:54"
"Sherry Marshall",119,"2005-08-23 21:52:56"
"Charles Kowalski",306,"2005-08-23 16:19:14"
"Velma Lucas",286,"2005-08-23 07:28:22"
"Randy Gaither",376,"2005-08-22 22:30:50"
"Joanne Robertson",147,"2005-08-23 20:53:20"
"Corey Hauser",480,"2005-08-23 05:38:41"
"Carla Gutierrez",202,"2005-08-23 13:22:56"
"Dennis Gilman",338,"2005-08-22 15:26:29"
"Samuel Marlow",358,"2005-08-20 20:16:35"
"Allen Butterfield",412,"2006-02-14 15:16:03"
"Rachel Barnes",79,"2005-08-21 03:14:27"
"Jessica Hall",26,"2005-08-23 11:16:29"
"Bob Pfeiffer",564,"2005-08-22 10:22:00"
"Theresa Watson",72,"2005-08-22 13:57:55"
"Javier Elrod",535,"2005-08-23 21:27:11"
"Daryl Larue",579,"2006-02-14 15:16:03"
"Ben Easter",510,"2005-08-22 10:46:44"
"Jane Bennett",77,"2005-08-22 21:34:00"
"Constance Reid",232,"2005-08-23 04:33:39"
"Monica Hicks",131,"2005-08-23 22:20:40"
"Elsie Kelley",198,"2005-08-23 00:27:18"
"Donna Thompson",17,"2005-08-23 12:41:38"
"Wilma Richards",212,"2005-08-23 18:05:10"
"Cynthia Young",28,"2006-02-14 15:16:03"
"Daniel Cabral",310,"2005-08-22 06:53:21"
"Pamela Baker",37,"2005-08-23 22:08:04"
"Stanley Scroggins",404,"2005-08-22 19:28:02"
"Salvador Teel",584,"2005-08-23 07:06:00"
"Jonathan Scarborough",353,"2005-08-23 09:23:08"
"Ricardo Meador",489,"2005-08-23 20:12:17"
"Andre Rapp",515,"2005-08-22 18:55:52"
"Julian Vest",574,"2005-08-22 16:53:29"
"Arlene Harvey",225,"2005-08-21 12:07:25"
"Louise Jenkins",83,"2006-02-14 15:16:03"
"Ashley Richardson",63,"2005-08-22 17:30:25"
"Andrew Purdy",333,"2005-08-22 19:59:42"
"Elmer Noe",516,"2006-02-14 15:16:03"
"Johnnie Chisholm",571,"2005-08-23 15:35:59"
"Johnny Turpin",395,"2005-08-23 19:54:24"
"Natalie Meyer",216,"2006-02-14 15:16:03"
"Janet Phillips",45,"2005-08-23 22:13:04"
"Lonnie Tirado",542,"2005-08-22 07:20:55"
"Yvonne Watkins",174,"2005-08-23 20:06:23"
"Daisy Bates",295,"2006-02-14 15:16:03"
"Gina Williamson",213,"2006-02-14 15:16:03"
"Emma Boyd",134,"2005-08-23 19:42:46"
"Naomi Jennings",274,"2006-02-14 15:16:03"
"Cathy Spencer",163,"2006-02-14 15:16:03"
"Melinda Fernandez",223,"2005-08-23 08:52:50"
"Albert Crouse",352,"2006-02-14 15:16:03"
"Kathleen Adams",36,"2005-08-23 08:42:40"
"Nicholas Barfield",362,"2005-08-22 06:17:12"
"Bessie Morrison",221,"2005-08-22 12:53:22"
"Crystal Ford",102,"2005-08-23 21:59:26"
"Ray Houle",430,"2005-08-22 09:11:48"
"Veronica Stone",158,"2005-08-23 14:26:51"
"Eduardo Hiatt",594,"2005-08-22 07:54:47"
"Leon Bostic",460,"2005-08-23 19:14:07"
"Jessie Milam",533,"2006-02-14 15:16:03"
"Marc Outlaw",499,"2005-08-23 06:00:28"
"Jennie Terry",265,"2005-08-22 05:59:59"
"Carmen Owens",111,"2006-02-14 15:16:03"
"Tommy Collazo",459,"2005-08-23 14:52:50"
"Sandra Martin",16,"2005-08-21 14:45:34"
"Gertrude Castillo",207,"2005-08-23 07:25:29"
"Joan Cooper",62,"2005-08-23 06:11:52"
"Shannon Freeman",123,"2005-08-23 13:51:57"
"Jose Andrew",326,"2005-08-19 01:38:18"
"Alberto Henning",568,"2006-02-14 15:16:03"
"Phillip Holm",385,"2005-08-23 02:06:01"
"Billy Poulin",371,"2005-08-23 15:09:17"
"Lester Kraus",492,"2005-08-23 19:22:36"
"Cody Nolen",544,"2005-08-23 06:48:47"
"Bruce Schwarz",365,"2005-08-21 12:51:49"
"Darlene Rose",157,"2005-08-22 07:04:25"
"Marvin Yee",413,"2005-08-23 09:23:45"
"Thomas Grigsby",308,"2005-08-23 15:03:13"
"Ida Andrews",183,"2005-08-20 03:35:16"
"Robin Hayes",100,"2006-02-14 15:16:03"
"Donald Mahon",313,"2005-08-23 05:24:29"
"Danielle Daniels",150,"2005-08-21 19:47:55"
"Eva Ramos",140,"2005-08-23 15:47:02"
"Rhonda Kennedy",137,"2005-08-23 21:56:04"
"Lee Hawks",421,"2006-02-14 15:16:03"
"Caroline Bowman",248,"2005-08-22 03:58:29"
"Lucy Wheeler",208,"2006-02-14 15:16:03"
"Sean Douglass",392,"2005-08-21 11:51:10"
"Kimberly Lee",24,"2005-08-22 21:28:59"
"Jeanette Greene",191,"2006-02-14 15:16:03"
"Frederick Isbell",429,"2005-08-21 14:04:39"
"Deborah Walker",25,"2005-08-23 20:00:30"
"Debbie Reyes",141,"2005-08-23 19:45:25"
"Thelma Murray",122,"2005-08-21 19:51:09"
"Norma Gonzales",94,"2006-02-14 15:16:03"
"Vera Mccoy",218,"2005-08-23 05:30:19"
"Ivan Cromwell",570,"2006-02-14 15:16:03"
"Eddie Tomlin",434,"2005-08-22 22:37:34"
"Joyce Edwards",49,"2005-08-21 20:02:18"
"Stacey Montgomery",211,"2006-02-14 15:16:03"
"Ross Grey",580,"2005-08-23 18:54:32"
"Darryl Ashcraft",530,"2006-02-14 15:16:03"
"Fernando Churchill",536,"2005-08-23 20:08:26"
"Floyd Gandy",465,"2005-08-23 16:08:15"
"Oscar Aquino",449,"2005-08-22 06:37:43"
"Mitchell Westmoreland",520,"2005-08-23 18:59:33"
"Judith Cox",64,"2006-02-14 15:16:03"
"Doris Reed",55,"2005-08-22 19:37:20"
"Eleanor Hunt",148,"2005-08-23 05:57:04"
